p,	e,	result
2,	1,	x^39 + x^38 + x^16 + x + 1	7 * 79 * 8191 * 121369
2,	2,	x^78 + x^77 + x^13 + x^4 + 1	3^2 * 7 * 79 * 2731 * 8191 * 121369 * 22366891
2,	3,	Regular
2,	4,	x^156 + x^155 + x^84 + x^2 + 1	3^2 * 5 * 7 * 13^2 * 53 * 79 * 157 * 313 * 1249 * 1613 * 2731 * 3121 * 8191 * 21841 * 121369 * 22366891
2,	5,	True	7 * 31 * 79 * 151 * 8191 * 121369 * 145295143558111 * 134304196845099262572814573351
2,	6,	Regular
2,	7,	True	7^2 * 79 * 127 * 337 * 911 * 8191 * 121369 * 108749551 * 112901153 * 23140471537 * 4093204977277417 * 86977595801949844993
2,	8,	True	3^2 * 5 * 7 * 13^2 * 17 * 53 * 79 * 157 * 241 * 313 * 1249 * 1613 * 2731 * 3121 * 8191 * 21841 * 121369 * 858001 * 22366891 * 308761441 * 84159375948762099254554456081
2,	9,	Regular
2,	10,	True	
2,	11,	True	
2,	12,	Regular
2,	13,	True	
2,	14,	True	
3,	1,	x^39 + x^38 + 2*x^13 + 1	2 * 13^2 * 313 * 6553 * 7333 * 797161
3,	2,	x^78 + x^77 + 2*x^15 + x^3 + 2	2^3 * 7 * 13^2 * 79 * 157 * 313 * 2887 * 6553 * 7333 * 10141 * 398581 * 797161
3,	3,	Regular
3,	4,	x^156 + x^155 + 2*x^38 + x^2 + 2	2^4 * 5 * 7 * 13^2 * 53 * 73 * 79 * 157 * 313 * 2887 * 6553 * 7333 * 10141 * 325729 * 398581 * 797161 * 4795973261 * 271722723752757889
3,	5,	True	2 * 11^2 * 13^2 * 131 * 313 * 2341 * 4561 * 6553 * 7333 * 797161 * 3701101 * 39838501 * 110133112994711 * 98139929939748977208994554331725481
3,	6,	Regular
3,	7,	True	
3,	8,	True	
3,	9,	Regular
5,	1,	Regular
5,	2,	Regular
5,	3,	Regular
5,	4,	Regular
5,	5,	Regular
5,	6,	Regular
7,	1,	x^39 + 3*x^38 + 5*x + 4	2 * 3^2 * 19 * 486643 * 7524739 * 44975113 * 16148168401
7,	2,	x^78 + x^77 + 6*x^4 + 3	2^4 * 3^2 * 19 * 43 * 53 * 79 * 486643 * 7524739 * 23850061 * 44975113 * 228511817 * 16148168401 * 115868130379
7,	3,	Regular
7,	4,	True	
7,	5,	True	
11,	1,	x^39 + 3*x^38 + 4	2 * 5 * 7 * 19 * 79 * 157 * 547 * 1093 * 84631 * 480091 * 32508061 * 3158528101
11,	2,	x^78 + x^77 + x^5 + 6	2^3 * 3^2 * 5 * 7 * 19 * 37 * 53 * 79 * 157 * 313 * 547 * 911 * 1093 * 63649 * 84631 * 480091 * 32508061 * 59583967 * 3158528101 * 538953023961943033
11,	3,	Regular
11,	4,	True	
13,	1,	Regular
13,	2,	Regular
13,	3,	Regular
13,	4,	Regular
17,	1,	x^39 + x^38 + x + 3	2^4 * 157 * 307 * 212057 * 2919196853 * 2035325753852213746064248693
17,	2,	True	2^5 * 3^3 * 7 * 13^2 * 53 * 79 * 157 * 307 * 1249 * 65651 * 212057 * 2001793 * 2919196853 * 1837708051687 * 12042786858259 * 2035325753852213746064248693
17,	3,	Regular
19,	1,	x^39 + x^38 + 4*x^2 + 9	2 * 3^3 * 79 * 127 * 157 * 599 * 29251 * 133338869 * 887960971 * 421451911540236097
19,	2,	True	2^3 * 3^3 * 5 * 7^3 * 79 * 127 * 131 * 157 * 313 * 599 * 2341 * 29251 * 176021 * 291331 * 133338869 * 887960971 * 421451911540236097 * 2202409598047314333465675421
19,	3,	Regular
23,	1,	x^39 + x^38 + 7*x + 2	2 * 7 * 11 * 79 * 47691619 * 480393499 * 459408054528299360264076035007841
23,	2,	True	
23,	3,	Regular
29,	1,	x^39 + 2*x^38 + 3	2^2 * 7 * 13^2 * 67 * 521 * 148123 * 4748492087 * 9297933549871103174322922194269557
29,	2,	True	
29,	3,	Regular
31,	1,	Regular
31,	2,	Regular
31,	3,	Regular
37,	1,	x^39 + x^38 + 5*x + 20	2^2 * 3^3 * 7 * 67 * 157 * 16381 * 1414921 * 6765811783780036261 * 11587199201920241492896993
37,	2,	True	
41,	1,	x^39 + x^38 + 12	2^3 * 5 * 1723 * 7411 * 11831 * 110969 * 2962207 * 17615988547 * 22625739370536566918429718853
41,	2,	True	
43,	1,	x^39 + x^38 + 9	2 * 3^2 * 7 * 631 * 11311 * 40911050578149780601 * 137888557627781175467246489029462591
43,	2,	True	
47,	1,	Regular
47,	2,	Regular
53,	1,	Regular
53,	2,	Regular
59,	1,	x^39 + 2*x^38 + 53	2 * 29 * 3541 * 15097447 * 27900211 * 32026957 * 230674558387045610449 * 1809873235795386729241
59,	2,	True	
61,	1,	x^39 + 2*x^38 + 43	2^2 * 3^2 * 5 * 13^2 * 97 * 937 * 8737 * 187123 * 14421466756460791 * 114296820484699477 * 569717999634048409
61,	2,	True	
67,	1,	x^39 + 2*x^38 + 21	2 * 3^2 * 7^2 * 11 * 31 * 79 * 157 * 5279 * 6163 * 51637 * 126867415853933 * 139014146769109 * 1490917706989754365219
67,	2,	True	
71,	1,	x^39 + x^38 + x + 15	2 * 5 * 7 * 157 * 3433 * 5113 * 7177 * 3202878953 * 5196608121641 * 68631718244527755365887349371256293
71,	2,	True	
73,	1,	Regular
73,	2,	Regular
79,	1,	Regular
79,	2,	Regular
83,	1,	Regular
83,	2,	Regular
89,	1,	True	2^3 * 11 * 53 * 79 * 157 * 2003 * 8011 * 75692305417 * 29785404613009501 * 5075771414285828775498302932204909
89,	2,	True	
97,	1,	x^39 + x^38 + 26	2^5 * 3^2 * 53 * 79 * 3169 * 15601 * 20359 * 3847492817726689 * 8224356155341457 * 7937638979074787305339109809
97,	2,	True	
101,	1,	True	2^2 * 5^2 * 79 * 157 * 521 * 10303 * 60919 * 1071487 * 611379791569 * 2891083442729 * 1919084212639442636707549991167
101,	2,	True	
103,	1,	Regular
103,	2,	Regular
107,	1,	True	2 * 7 * 13^2 * 53 * 127 * 131 * 8893 * 119809 * 50066017 * 2893206707 * 43465177941379842761653167884134286201679289
107,	2,	True	
109,	1,	Regular
109,	2,	Regular
113,	1,	True	2^4 * 7 * 13^2 * 131 * 157 * 313 * 991 * 1951 * 68147 * 269023 * 7171607587 * 802198966531 * 4729046557427285942246372948221
113,	2,	True	
127,	1,	True	2 * 3^3 * 7 * 2029 * 5419 * 528235423 * 12346432697 * 650530718917 * 1437263292796553 * 441040997282284827519028159
127,	2,	True	
131,	1,	Regular
131,	2,	Regular
137,	1,	True	2^3 * 7 * 17 * 37 * 73 * 313 * 3433 * 864319 * 19805293 * 1895119279 * 2572605139183 * 931659959992945570101408381932879311
137,	2,	True	
139,	1,	True	2 * 3^2 * 13^2 * 23 * 499 * 6449 * 14431 * 205661 * 11253061 * 1827154213 * 170687517001 * 39506540104017949 * 4080677162708319499
139,	2,	True	
149,	1,	True	2^2 * 7 * 31 * 37 * 103 * 43291 * 9317581963 * 180203371102561 * 195921577683408981775177 * 120547934639675608922684101
149,	2,	True	
151,	1,	Regular
151,	2,	Regular
157,	1,	Regular
157,	2,	Regular
163,	1,	True	2 * 3^5 * 7 * 19 * 67 * 79 * 282127 * 10865297 * 19948278289174317109 * 32574836199364307993 * 276600433094874946457037613
163,	2,	True	
167,	1,	True	2 * 79 * 83 * 28057 * 42979 * 288653 * 1639947561355176119957 * 64819193025090955714623619530673342341153657061
167,	2,	True	
173,	1,	True	2^2 * 43 * 157 * 859 * 30103 * 70981 * 218596991731 * 64867793848691122693 * 2734963645803554868648414162895415726929
173,	2,	True	
179,	1,	True	2 * 7 * 79 * 89 * 4603 * 145601 * 168481 * 29771247157627 * 94597128022319068199 * 232108919994965676333239231251932643
179,	2,	True	
181,	1,	Regular
191,	1,	True	2 * 5 * 7 * 13^3 * 19 * 31 * 131 * 1483 * 5227 * 9049 * 92041 * 301627 * 48552947 * 252663139 * 98357368279 * 18025347069913 * 181590378839147227
193,	1,	True	2^6 * 3^2 * 7 * 131 * 1783 * 13417 * 65027 * 104287 * 51685151389 * 944874942181 * 3022376751345979 * 10832379136832369552793066217
197,	1,	True	2^2 * 7^2 * 19 * 157 * 2053 * 386621 * 8882177114415454425161 * 73974097856068969901179215909436002644037490179524293
199,	1,	True	2 * 3^3 * 11 * 547 * 13267 * 606997 * 3581839 * 3501822143 * 309047089313 * 729407293915327 * 61114185767352020256164437227457
211,	1,	True	2 * 3^2 * 5 * 7 * 13^2 * 31 * 37 * 131 * 37181 * 1606424290213518947263 * 2536519256150204603624113 * 1830350646047491560664369517509
223,	1,	True	2 * 3^2 * 37 * 79 * 16651 * 21997 * 126517 * 256577564101 * 1519967383333858933267 * 40344350779721060015265189817412261259553
227,	1,	True	2 * 53 * 73 * 113 * 709 * 937 * 5981 * 100394113 * 63305062436853931201 * 3475321160649837125775679012418984078741048132977
229,	1,	Regular
233,	1,	Regular
239,	1,	Regular
241,	1,	True	2^4 * 3^2 * 5 * 79 * 19441 * 22699 * 32221329022787996209 * 1698257678577380445298567 * 576544337390180375368249690720659871
251,	1,	True	2 * 5^3 * 43 * 1471 * 32867407 * 62779574892815645663533519513 * 118486859177729094501642621968277465816635290168543
257,	1,	True	2^8 * 61 * 79 * 157 * 1087 * 1327 * 3433 * 547483 * 197602063626553561 * 62808687065057200355608963 * 1490524662235236868364453473
263,	1,	True	2 * 7^2 * 13^2 * 79 * 109 * 131 * 157 * 677 * 2731 * 107719 * 301211 * 179613190927 * 539093310059453790343 * 1402365415597999526481037229968333
269,	1,	True	2^2 * 13^2 * 37 * 67 * 79 * 151 * 2003 * 46567 * 341953 * 959479 * 1544847578862047228081 * 60934734158343836677772461893762080505272989
271,	1,	True	2 * 3^4 * 5 * 1093 * 14821 * 24571 * 171081431 * 20704125159121 * 56824611309311 * 474669620968297 * 2495796401072483973145404462793
277,	1,	True	2^2 * 3^2 * 7 * 19 * 23 * 79 * 193 * 313 * 859 * 613471 * 2400483229 * 89557472941 * 654310030787252914425733357 * 4635845905200196118755219339
281,	1,	Regular
283,	1,	True	2 * 3^2 * 47 * 73 * 79 * 157 * 367 * 26183 * 145962007889881 * 128034808568577646348913 * 3028291399484569826926785859667585111611213
293,	1,	True	2^2 * 53 * 73 * 547 * 1249 * 38299 * 57097 * 68329 * 71293 * 86143 * 46680968179 * 2844337075085663 * 1252665506996917298148468195048314377
307,	1,	Regular
311,	1,	Regular
313,	1,	Regular
317,	1,	Regular
331,	1,	True	2 * 3^2 * 5 * 7 * 11 * 53 * 157 * 5233 * 9829 * 37181 * 10999171 * 191084755739671 * 80037421623539251 * 87576339440074057 * 115487768900328346958671
337,	1,	Regular
347,	1,	True	2 * 7 * 13^2 * 79 * 173 * 443 * 937 * 1327 * 3797 * 470653 * 321373417 * 1942024891 * 1817032729376806915002511 * 32762604651862663640034109522789
349,	1,	True	2^2 * 3^2 * 19 * 29 * 157 * 1249 * 2143 * 19813 * 623221 * 2033903 * 60484399 * 21311561004917 * 5483679997534697042584732688285079757071645547741
353,	1,	True	2^5 * 11 * 19 * 157 * 547 * 1847 * 6577 * 8893 * 5342221 * 23668712390914047065597 * 294164834742137225589430617710156016535966323374377
359,	1,	Regular
367,	1,	True	2 * 3^2 * 13^2 * 53 * 61 * 79 * 3463 * 2781750769201 * 20580157856081539 * 112954068984392784784168156157 * 604593132763528324004509609417
373,	1,	True	2^2 * 3^2 * 7^2 * 13^2 * 31 * 73 * 15948661 * 7272301462644558868950176734981 * 253033778421933568031951430354997925929909243464603937
379,	1,	True	2 * 3^4 * 7 * 61 * 787 * 12637 * 37028483467 * 108137812381 * 1337200851949 * 12181054367509 * 237838416230686173163 * 3456929683871449051033
383,	1,	True	
389,	1,	Regular
397,	1,	True	
401,	1,	True	
409,	1,	True	
419,	1,	True	
421,	1,	Regular
431,	1,	True	
433,	1,	True	
439,	1,	True	
443,	1,	Regular
449,	1,	True	
457,	1,	True	
461,	1,	True	
463,	1,	Regular
467,	1,	Regular
479,	1,	True	
487,	1,	True	
491,	1,	True	
499,	1,	Regular
503,	1,	True	
509,	1,	True	
521,	1,	Regular
523,	1,	True	
541,	1,	Regular
547,	1,	Regular
557,	1,	True	
563,	1,	True	
569,	1,	True	
571,	1,	Regular
577,	1,	Regular
587,	1,	True	
593,	1,	Regular
599,	1,	Regular
601,	1,	True	
607,	1,	True	
613,	1,	True	
617,	1,	True	
619,	1,	Regular
631,	1,	True	
641,	1,	True	
643,	1,	True	
647,	1,	True	
653,	1,	True	
659,	1,	True	
661,	1,	True	
673,	1,	True	
677,	1,	Regular
683,	1,	True	
691,	1,	True	
701,	1,	Regular
709,	1,	True	
719,	1,	True	
727,	1,	Regular
733,	1,	Regular
739,	1,	True	
743,	1,	True	
751,	1,	True	
757,	1,	True	
761,	1,	True	
769,	1,	True	
773,	1,	True	
787,	1,	True	
797,	1,	True	
809,	1,	True	
811,	1,	Regular
821,	1,	True	
823,	1,	True	
827,	1,	Regular
829,	1,	True	
839,	1,	True	
853,	1,	Regular
857,	1,	Regular
859,	1,	Regular
863,	1,	Regular
877,	1,	True	
881,	1,	True	
883,	1,	Regular
887,	1,	True	
907,	1,	True	
911,	1,	Regular
919,	1,	True	
929,	1,	True	
937,	1,	Regular
941,	1,	Regular
947,	1,	True	
953,	1,	True	
967,	1,	Regular
971,	1,	True	
977,	1,	True	
983,	1,	Regular
991,	1,	True	
997,	1,	True	
1009,	1,	Regular
1013,	1,	Regular
1019,	1,	Regular
1021,	1,	True	
1031,	1,	True	
1033,	1,	True	
1039,	1,	Regular
1049,	1,	True	
1051,	1,	True	
1061,	1,	Regular
1063,	1,	True	
1069,	1,	True	
1087,	1,	Regular
1091,	1,	Regular
1093,	1,	Regular
1097,	1,	Regular
1103,	1,	True	
1109,	1,	True	
1117,	1,	Regular
1123,	1,	Regular
1129,	1,	True	
1151,	1,	True	
1153,	1,	True	
1163,	1,	True	
1171,	1,	Regular
1181,	1,	True	
1187,	1,	True	
1193,	1,	True	
1201,	1,	Regular
1213,	1,	True	
1217,	1,	Regular
1223,	1,	Regular
1229,	1,	True	
1231,	1,	True	
1237,	1,	True	
1249,	1,	Regular
1259,	1,	True	
1277,	1,	True	
1279,	1,	Regular
1283,	1,	True	
1289,	1,	True	
1291,	1,	True	
1297,	1,	True	
1301,	1,	Regular
1303,	1,	True	
1307,	1,	True	
1319,	1,	True	
1321,	1,	Regular
1327,	1,	Regular
1361,	1,	True	
1367,	1,	True	
1373,	1,	Regular
1381,	1,	True	
1399,	1,	Regular
1409,	1,	Regular
1423,	1,	True	
1427,	1,	True	
1429,	1,	Regular
1433,	1,	True	
1439,	1,	True	
1447,	1,	True	
1451,	1,	Regular
1453,	1,	True	
1459,	1,	True	
1471,	1,	True	
1481,	1,	Regular
1483,	1,	Regular
1487,	1,	Regular
1489,	1,	True	
1493,	1,	True	
1499,	1,	True	
1511,	1,	True	
1523,	1,	True	
1531,	1,	True	
1543,	1,	True	
1549,	1,	True	
1553,	1,	True	
1559,	1,	Regular
1567,	1,	True	
1571,	1,	True	
1579,	1,	True	
1583,	1,	True	
1597,	1,	True	
1601,	1,	True	
1607,	1,	Regular
1609,	1,	True	
1613,	1,	Regular
1619,	1,	True	
1621,	1,	True	
1627,	1,	True	
1637,	1,	Regular
1657,	1,	True	
1663,	1,	Regular
1667,	1,	True	
1669,	1,	Regular
1693,	1,	True	
1697,	1,	True	
1699,	1,	True	
1709,	1,	True	
1721,	1,	Regular
1723,	1,	True	
1733,	1,	True	
1741,	1,	Regular
1747,	1,	Regular
1753,	1,	True	
1759,	1,	True	
1777,	1,	True	
1783,	1,	True	
1787,	1,	True	
1789,	1,	Regular
1801,	1,	True	
1811,	1,	True	
1823,	1,	True	
1831,	1,	True	
1847,	1,	Regular
1861,	1,	True	
1867,	1,	Regular
1871,	1,	Regular
1873,	1,	Regular
1877,	1,	Regular
1879,	1,	True	
1889,	1,	True	
1901,	1,	True	
1907,	1,	True	
1913,	1,	True	
1931,	1,	True	
1933,	1,	True	
1949,	1,	Regular
1951,	1,	Regular
1973,	1,	True	
1979,	1,	True	
1987,	1,	True	
1993,	1,	True	
1997,	1,	Regular
1999,	1,	True	
2003,	1,	Regular
2011,	1,	True	
2017,	1,	True	
2027,	1,	Regular
2029,	1,	Regular
2039,	1,	True	
2053,	1,	Regular
2063,	1,	True	
2069,	1,	True	
2081,	1,	Regular
2083,	1,	True	
2087,	1,	True	
2089,	1,	True	
2099,	1,	True	
2111,	1,	Regular
2113,	1,	True	
2129,	1,	True	
2131,	1,	Regular
2137,	1,	Regular
2141,	1,	True	
2143,	1,	True	
2153,	1,	Regular
2161,	1,	True	
2179,	1,	Regular
2203,	1,	True	
2207,	1,	True	
2213,	1,	True	
2221,	1,	True	
2237,	1,	Regular
2239,	1,	True	
2243,	1,	True	
2251,	1,	True	
2267,	1,	Regular
2269,	1,	True	
2273,	1,	True	
2281,	1,	True	
2287,	1,	Regular
2293,	1,	Regular
2297,	1,	True	
2309,	1,	Regular
2311,	1,	True	
2333,	1,	True	
2339,	1,	Regular
2341,	1,	Regular
2347,	1,	True	
2351,	1,	True	
2357,	1,	True	
2371,	1,	Regular
2377,	1,	True	
2381,	1,	True	
2383,	1,	True	
2389,	1,	True	
2393,	1,	Regular
2399,	1,	True	
2411,	1,	True	
2417,	1,	Regular
2423,	1,	Regular
2437,	1,	True	
2441,	1,	True	
2447,	1,	True	
2459,	1,	True	
2467,	1,	True	
2473,	1,	True	
2477,	1,	True	
2503,	1,	True	
2521,	1,	Regular
2531,	1,	True	
2539,	1,	True	
2543,	1,	Regular
2549,	1,	Regular
2551,	1,	True	
2557,	1,	True	
2579,	1,	Regular
2591,	1,	True	
2593,	1,	True	
2609,	1,	True	
2617,	1,	True	
2621,	1,	Regular
2633,	1,	True	
2647,	1,	Regular
2657,	1,	Regular
2659,	1,	True	
2663,	1,	True	
2671,	1,	True	
2677,	1,	Regular
2683,	1,	Regular
2687,	1,	True	
2689,	1,	True	
2693,	1,	True	
2699,	1,	Regular
2707,	1,	True	
2711,	1,	True	
2713,	1,	True	
2719,	1,	True	
2729,	1,	Regular
2731,	1,	Regular
2741,	1,	True	
2749,	1,	True	
2753,	1,	True	
2767,	1,	True	
2777,	1,	Regular
2789,	1,	True	
2791,	1,	True	
2797,	1,	True	
2801,	1,	True	
2803,	1,	Regular
2819,	1,	True	
2833,	1,	Regular
2837,	1,	True	
2843,	1,	True	
2851,	1,	True	
2857,	1,	True	
2861,	1,	Regular
2879,	1,	True	
2887,	1,	Regular
2897,	1,	True	
2903,	1,	True	
2909,	1,	True	
2917,	1,	Regular
2927,	1,	True	
2939,	1,	Regular
2953,	1,	True	
2957,	1,	True	
2963,	1,	Regular
2969,	1,	Regular
2971,	1,	True	
2999,	1,	True	
3001,	1,	True	
3011,	1,	Regular
3019,	1,	True	
3023,	1,	True	
3037,	1,	Regular
3041,	1,	Regular
3049,	1,	True	
3061,	1,	True	
3067,	1,	Regular
3079,	1,	True	
3083,	1,	True	
3089,	1,	Regular
3109,	1,	True	
3119,	1,	Regular
3121,	1,	Regular
3137,	1,	True	
3163,	1,	True	
3167,	1,	Regular
3169,	1,	True	
3181,	1,	True	
3187,	1,	True	
3191,	1,	True	
3203,	1,	Regular
3209,	1,	True	
3217,	1,	True	
3221,	1,	True	
3229,	1,	Regular
3251,	1,	Regular
3253,	1,	True	
3257,	1,	True	
3259,	1,	True	
3271,	1,	Regular
3299,	1,	True	
3301,	1,	Regular
3307,	1,	Regular
3313,	1,	True	
3319,	1,	True	
3323,	1,	Regular
3329,	1,	Regular
3331,	1,	True	
3343,	1,	True	
3347,	1,	True	
3359,	1,	Regular
3361,	1,	True	
3371,	1,	True	
3373,	1,	True	
3389,	1,	True	
3391,	1,	True	
3407,	1,	Regular
3413,	1,	True	
3433,	1,	Regular
3449,	1,	True	
3457,	1,	Regular
3461,	1,	True	
3463,	1,	Regular
3467,	1,	True	
3469,	1,	True	
3491,	1,	True	
3499,	1,	True	
3511,	1,	Regular
3517,	1,	True	
3527,	1,	True	
3529,	1,	True	
3533,	1,	True	
3539,	1,	True	
3541,	1,	Regular
3547,	1,	True	
3557,	1,	Regular
3559,	1,	True	
3571,	1,	True	
3581,	1,	True	
3583,	1,	Regular
3593,	1,	Regular
3607,	1,	True	
3613,	1,	Regular
3617,	1,	True	
3623,	1,	True	
3631,	1,	True	
3637,	1,	True	
3643,	1,	True	
3659,	1,	True	
3671,	1,	Regular
3673,	1,	True	
3677,	1,	True	
3691,	1,	Regular
3697,	1,	Regular
3701,	1,	True	
3709,	1,	True	
3719,	1,	Regular
3727,	1,	True	
3733,	1,	True	
3739,	1,	Regular
3761,	1,	True	
3767,	1,	True	
3769,	1,	Regular
3779,	1,	True	
3793,	1,	True	
3797,	1,	Regular
3803,	1,	True	
3821,	1,	Regular
3823,	1,	Regular
3833,	1,	True	
3847,	1,	Regular
3851,	1,	True	
3853,	1,	Regular
3863,	1,	True	
3877,	1,	True	
3881,	1,	True	
3889,	1,	True	
3907,	1,	True	
3911,	1,	True	
3917,	1,	True	
3919,	1,	True	
3923,	1,	True	
3929,	1,	True	
3931,	1,	Regular
3943,	1,	True	
3947,	1,	Regular
3967,	1,	True	
3989,	1,	True	
4001,	1,	True	
4003,	1,	Regular
4007,	1,	True	
4013,	1,	True	
4019,	1,	True	
4021,	1,	True	
4027,	1,	True	
4049,	1,	True	
4051,	1,	Regular
4057,	1,	Regular
4073,	1,	True	
4079,	1,	True	
4091,	1,	True	
4093,	1,	True	
4099,	1,	True	
4111,	1,	True	
4127,	1,	True	
4129,	1,	Regular
4133,	1,	Regular
4139,	1,	Regular
4153,	1,	True	
4157,	1,	True	
4159,	1,	Regular
4177,	1,	True	
4201,	1,	True	
4211,	1,	Regular
4217,	1,	Regular
4219,	1,	True	
4229,	1,	True	
4231,	1,	True	
4241,	1,	True	
4243,	1,	Regular
4253,	1,	True	
4259,	1,	Regular
4261,	1,	True	
4271,	1,	True	
4273,	1,	True	
4283,	1,	True	
4289,	1,	Regular
4297,	1,	True	
4327,	1,	True	
4337,	1,	Regular
4339,	1,	True	
4349,	1,	True	
4357,	1,	True	
4363,	1,	Regular
4373,	1,	Regular
4391,	1,	True	
4397,	1,	True	
4409,	1,	True	
4421,	1,	Regular
4423,	1,	True	
4441,	1,	Regular
4447,	1,	Regular
4451,	1,	Regular
4457,	1,	True	
4463,	1,	True	
4481,	1,	True	
4483,	1,	True	
4493,	1,	Regular
4507,	1,	True	
4513,	1,	True	
4517,	1,	True	
4519,	1,	Regular
4523,	1,	Regular
4547,	1,	True	
4549,	1,	Regular
4561,	1,	True	
4567,	1,	True	
4583,	1,	True	
4591,	1,	True	
4597,	1,	Regular
4603,	1,	Regular
4621,	1,	True	
4637,	1,	True	
4639,	1,	True	
4643,	1,	True	
4649,	1,	Regular
4651,	1,	True	
4657,	1,	True	
4663,	1,	True	
4673,	1,	True	
4679,	1,	Regular
4691,	1,	True	
4703,	1,	True	
4721,	1,	True	
4723,	1,	True	
4729,	1,	True	
4733,	1,	Regular
4751,	1,	True	
4759,	1,	Regular
4783,	1,	Regular
4787,	1,	True	
4789,	1,	Regular
4793,	1,	True	
4799,	1,	True	
4801,	1,	True	
4813,	1,	True	
4817,	1,	True	
4831,	1,	Regular
4861,	1,	Regular
4871,	1,	True	
4877,	1,	True	
4889,	1,	Regular
4903,	1,	True	
4909,	1,	Regular
4919,	1,	Regular
4931,	1,	True	
4933,	1,	True	
4937,	1,	True	
4943,	1,	True	
4951,	1,	True	
4957,	1,	True	
4967,	1,	Regular
4969,	1,	True	
4973,	1,	True	
4987,	1,	Regular
4993,	1,	Regular
4999,	1,	True	
5003,	1,	True	
5009,	1,	True	
5011,	1,	True	
5021,	1,	True	
5023,	1,	Regular
5039,	1,	Regular
5051,	1,	True	
5059,	1,	True	
5077,	1,	True	
5081,	1,	True	
5087,	1,	True	
5099,	1,	True	
5101,	1,	Regular
5107,	1,	True	
5113,	1,	True	
5119,	1,	True	
5147,	1,	Regular
5153,	1,	Regular
5167,	1,	True	
5171,	1,	True	
5179,	1,	Regular
5189,	1,	True	
5197,	1,	True	
5209,	1,	True	
5227,	1,	Regular
5231,	1,	Regular
5233,	1,	True	
5237,	1,	True	
5261,	1,	True	
5273,	1,	Regular
5279,	1,	Regular
5281,	1,	True	
5297,	1,	True	
5303,	1,	Regular
5309,	1,	Regular
5323,	1,	True	
5333,	1,	True	
5347,	1,	True	
5351,	1,	Regular
5381,	1,	Regular
5387,	1,	Regular
5393,	1,	True	
5399,	1,	True	
5407,	1,	Regular
5413,	1,	Regular
5417,	1,	True	
5419,	1,	True	
5431,	1,	True	
5437,	1,	True	
5441,	1,	True	
5443,	1,	True	
5449,	1,	True	
5471,	1,	True	
5477,	1,	True	
5479,	1,	True	
5483,	1,	True	
5501,	1,	True	
5503,	1,	True	
5507,	1,	Regular
5519,	1,	True	
5521,	1,	True	
5527,	1,	True	
5531,	1,	True	
5557,	1,	True	
5563,	1,	Regular
5569,	1,	Regular
5573,	1,	True	
5581,	1,	True	
5591,	1,	Regular
5623,	1,	True	
5639,	1,	True	
5641,	1,	Regular
5647,	1,	Regular
5651,	1,	True	
5653,	1,	True	
5657,	1,	True	
5659,	1,	True	
5669,	1,	Regular
5683,	1,	True	
5689,	1,	Regular
5693,	1,	Regular
5701,	1,	True	
5711,	1,	True	
5717,	1,	True	
5737,	1,	True	
5741,	1,	Regular
5743,	1,	True	
5749,	1,	True	
5779,	1,	True	
5783,	1,	True	
5791,	1,	True	
5801,	1,	True	
5807,	1,	True	
5813,	1,	True	
5821,	1,	True	
5827,	1,	True	
5839,	1,	True	
5843,	1,	True	
5849,	1,	Regular
5851,	1,	Regular
5857,	1,	True	
5861,	1,	True	
5867,	1,	True	
5869,	1,	True	
5879,	1,	True	
5881,	1,	Regular
5897,	1,	Regular
5903,	1,	Regular
5923,	1,	Regular
5927,	1,	Regular
5939,	1,	True	
5953,	1,	Regular
5981,	1,	Regular
5987,	1,	True	
6007,	1,	Regular
6011,	1,	Regular
6029,	1,	True	
6037,	1,	Regular
6043,	1,	True	
6047,	1,	True	
6053,	1,	Regular
6067,	1,	True	
6073,	1,	True	
6079,	1,	Regular
6089,	1,	Regular
6091,	1,	True	
6101,	1,	True	
6113,	1,	True	
6121,	1,	True	
6131,	1,	Regular
6133,	1,	True	
6143,	1,	True	
6151,	1,	True	
6163,	1,	Regular
6173,	1,	True	
6197,	1,	True	
6199,	1,	True	
6203,	1,	True	
6211,	1,	True	
6217,	1,	True	
6221,	1,	True	
6229,	1,	True	
6247,	1,	True	
6257,	1,	True	
6263,	1,	True	
6269,	1,	True	
6271,	1,	Regular
6277,	1,	True	
6287,	1,	Regular
6299,	1,	True	
6301,	1,	True	
6311,	1,	True	
6317,	1,	Regular
6323,	1,	Regular
6329,	1,	True	
6337,	1,	True	
6343,	1,	Regular
6353,	1,	True	
6359,	1,	True	
6361,	1,	True	
6367,	1,	True	
6373,	1,	True	
6379,	1,	True	
6389,	1,	True	
6397,	1,	Regular
6421,	1,	Regular
6427,	1,	Regular
6449,	1,	Regular
6451,	1,	True	
6469,	1,	Regular
6473,	1,	Regular
6481,	1,	True	
6491,	1,	True	
6521,	1,	Regular
6529,	1,	True	
6547,	1,	Regular
6551,	1,	Regular
6553,	1,	Regular
6563,	1,	True	
6569,	1,	True	
6571,	1,	True	
6577,	1,	Regular
6581,	1,	True	
6599,	1,	Regular
6607,	1,	True	
6619,	1,	True	
6637,	1,	True	
6653,	1,	True	
6659,	1,	True	
6661,	1,	Regular
6673,	1,	True	
6679,	1,	True	
6689,	1,	True	
6691,	1,	True	
6701,	1,	True	
6703,	1,	Regular
6709,	1,	Regular
6719,	1,	True	
6733,	1,	Regular
6737,	1,	True	
6761,	1,	Regular
6763,	1,	True	
6779,	1,	True	
6781,	1,	Regular
6791,	1,	Regular
6793,	1,	True	
6803,	1,	True	
6823,	1,	True	
6827,	1,	True	
6829,	1,	True	
6833,	1,	Regular
6841,	1,	True	
6857,	1,	True	
6863,	1,	Regular
6869,	1,	Regular
6871,	1,	True	
6883,	1,	True	
6899,	1,	True	
6907,	1,	True	
6911,	1,	Regular
6917,	1,	Regular
6947,	1,	Regular
6949,	1,	True	
6959,	1,	True	
6961,	1,	True	
6967,	1,	Regular
6971,	1,	True	
6977,	1,	True	
6983,	1,	True	
6991,	1,	True	
6997,	1,	True	
7001,	1,	True	
7013,	1,	True	
7019,	1,	Regular
7027,	1,	True	
7039,	1,	True	
7043,	1,	True	
7057,	1,	True	
7069,	1,	True	
7079,	1,	True	
7103,	1,	Regular
7109,	1,	True	
7121,	1,	True	
7127,	1,	True	
7129,	1,	Regular
7151,	1,	Regular
7159,	1,	True	
7177,	1,	Regular
7187,	1,	True	
7193,	1,	True	
7207,	1,	Regular
7211,	1,	True	
7213,	1,	True	
7219,	1,	True	
7229,	1,	Regular
7237,	1,	True	
7243,	1,	True	
7247,	1,	True	
7253,	1,	Regular
7283,	1,	True	
7297,	1,	True	
7307,	1,	Regular
7309,	1,	True	
7321,	1,	True	
7331,	1,	Regular
7333,	1,	Regular
7349,	1,	True	
7351,	1,	True	
7369,	1,	True	
7393,	1,	True	
7411,	1,	Regular
7417,	1,	True	
7433,	1,	True	
7451,	1,	True	
7457,	1,	Regular
7459,	1,	True	
7477,	1,	True	
7481,	1,	True	
7487,	1,	Regular
7489,	1,	Regular
7499,	1,	True	
7507,	1,	True	
7517,	1,	True	
7523,	1,	True	
7529,	1,	True	
7537,	1,	True	
7541,	1,	Regular
7547,	1,	True	
7549,	1,	True	
7559,	1,	True	
7561,	1,	Regular
7573,	1,	True	
7577,	1,	True	
7583,	1,	True	
7589,	1,	True	
7591,	1,	Regular
7603,	1,	True	
7607,	1,	True	
7621,	1,	True	
7639,	1,	Regular
7643,	1,	Regular
7649,	1,	Regular
7669,	1,	Regular
7673,	1,	True	
7681,	1,	True	
7687,	1,	True	
7691,	1,	Regular
7699,	1,	True	
7703,	1,	True	
7717,	1,	Regular
7723,	1,	Regular
7727,	1,	Regular
7741,	1,	True	
7753,	1,	Regular
7757,	1,	True	
7759,	1,	True	
7789,	1,	True	
7793,	1,	True	
7817,	1,	True	
7823,	1,	True	
7829,	1,	True	
7841,	1,	True	
7853,	1,	Regular
7867,	1,	True	
7873,	1,	Regular
7877,	1,	Regular
7879,	1,	Regular
7883,	1,	Regular
7901,	1,	True	
7907,	1,	True	
7919,	1,	True	
7927,	1,	True	
7933,	1,	True	
7937,	1,	True	
7949,	1,	True	
7951,	1,	Regular
7963,	1,	True	
7993,	1,	True	
8009,	1,	Regular
8011,	1,	True	
8017,	1,	True	
8039,	1,	Regular
8053,	1,	True	
8059,	1,	Regular
8069,	1,	True	
8081,	1,	Regular
8087,	1,	Regular
8089,	1,	True	
8093,	1,	True	
8101,	1,	True	
8111,	1,	Regular
8117,	1,	Regular
8123,	1,	True	
8147,	1,	True	
8161,	1,	True	
8167,	1,	True	
8171,	1,	True	
8179,	1,	True	
8191,	1,	Regular
8209,	1,	True	
8219,	1,	True	
8221,	1,	Regular
8231,	1,	True	
8233,	1,	True	
8237,	1,	Regular
8243,	1,	Regular
8263,	1,	Regular
8269,	1,	Regular
8273,	1,	Regular
8287,	1,	True	
8291,	1,	True	
8293,	1,	Regular
8297,	1,	True	
8311,	1,	True	
8317,	1,	True	
8329,	1,	True	
8353,	1,	True	
8363,	1,	True	
8369,	1,	True	
8377,	1,	Regular
8387,	1,	True	
8389,	1,	True	
8419,	1,	Regular
8423,	1,	Regular
8429,	1,	Regular
8431,	1,	True	
8443,	1,	True	
8447,	1,	True	
8461,	1,	True	
8467,	1,	True	
8501,	1,	Regular
8513,	1,	True	
8521,	1,	True	
8527,	1,	Regular
8537,	1,	True	
8539,	1,	True	
8543,	1,	True	
8563,	1,	True	
8573,	1,	True	
8581,	1,	Regular
8597,	1,	True	
8599,	1,	True	
8609,	1,	True	
8623,	1,	True	
8627,	1,	Regular
8629,	1,	True	
8641,	1,	True	
8647,	1,	True	
8663,	1,	Regular
8669,	1,	True	
8677,	1,	True	
8681,	1,	True	
8689,	1,	Regular
8693,	1,	True	
8699,	1,	True	
8707,	1,	True	
8713,	1,	True	
8719,	1,	True	
8731,	1,	Regular
8737,	1,	Regular
8741,	1,	Regular
8747,	1,	True	
8753,	1,	True	
8761,	1,	Regular
8779,	1,	True	
8783,	1,	Regular
8803,	1,	True	
8807,	1,	True	
8819,	1,	Regular
8821,	1,	True	
8831,	1,	True	
8837,	1,	True	
8839,	1,	Regular
8849,	1,	True	
8861,	1,	Regular
8863,	1,	True	
8867,	1,	Regular
8887,	1,	Regular
8893,	1,	Regular
8923,	1,	Regular
8929,	1,	True	
8933,	1,	True	
8941,	1,	True	
8951,	1,	True	
8963,	1,	True	
8969,	1,	Regular
8971,	1,	Regular
8999,	1,	True	
9001,	1,	Regular
9007,	1,	True	
9011,	1,	True	
9013,	1,	True	
9029,	1,	True	
9041,	1,	True	
9043,	1,	Regular
9049,	1,	Regular
9059,	1,	True	
9067,	1,	True	
9091,	1,	True	
9103,	1,	True	
9109,	1,	True	
9127,	1,	Regular
9133,	1,	True	
9137,	1,	True	
9151,	1,	Regular
9157,	1,	Regular
9161,	1,	True	
9173,	1,	Regular
9181,	1,	True	
9187,	1,	True	
9199,	1,	Regular
9203,	1,	Regular
9209,	1,	Regular
9221,	1,	True	
9227,	1,	True	
9239,	1,	True	
9241,	1,	True	
9257,	1,	Regular
9277,	1,	Regular
9281,	1,	Regular
9283,	1,	Regular
9293,	1,	True	
9311,	1,	True	
9319,	1,	True	
9323,	1,	True	
9337,	1,	True	
9341,	1,	True	
9343,	1,	True	
9349,	1,	True	
9371,	1,	True	
9377,	1,	True	
9391,	1,	Regular
9397,	1,	True	
9403,	1,	True	
9413,	1,	Regular
9419,	1,	True	
9421,	1,	True	
9431,	1,	True	
9433,	1,	Regular
9437,	1,	Regular
9439,	1,	Regular
9461,	1,	True	
9463,	1,	Regular
9467,	1,	True	
9473,	1,	True	
9479,	1,	True	
9491,	1,	Regular
9497,	1,	True	
9511,	1,	Regular
9521,	1,	Regular
9533,	1,	True	
9539,	1,	True	
9547,	1,	Regular
9551,	1,	True	
9587,	1,	True	
9601,	1,	True	
9613,	1,	True	
9619,	1,	Regular
9623,	1,	True	
9629,	1,	True	
9631,	1,	True	
9643,	1,	True	
9649,	1,	True	
9661,	1,	True	
9677,	1,	Regular
9679,	1,	True	
9689,	1,	True	
9697,	1,	Regular
9719,	1,	Regular
9721,	1,	True	
9733,	1,	True	
9739,	1,	True	
9743,	1,	True	
9749,	1,	Regular
9767,	1,	True	
9769,	1,	True	
9781,	1,	Regular
9787,	1,	True	
9791,	1,	True	
9803,	1,	Regular
9811,	1,	True	
9817,	1,	True	
9829,	1,	Regular
9833,	1,	Regular
9839,	1,	True	
9851,	1,	True	
9857,	1,	True	
9859,	1,	Regular
9871,	1,	True	
9883,	1,	True	
9887,	1,	True	
9901,	1,	Regular
9907,	1,	Regular
9923,	1,	True	
9929,	1,	True	
9931,	1,	Regular
9941,	1,	True	
9949,	1,	True	
9967,	1,	True	
9973,	1,	True	
10007,	1,	True	
10009,	1,	Regular
10037,	1,	Regular
10039,	1,	True	
10061,	1,	Regular
10067,	1,	Regular
10069,	1,	True	
10079,	1,	True	
10091,	1,	True	
10093,	1,	Regular
10099,	1,	True	
10103,	1,	True	
10111,	1,	True	
10133,	1,	True	
10139,	1,	Regular
10141,	1,	Regular
10151,	1,	True	
10159,	1,	True	
10163,	1,	True	
10169,	1,	True	
10177,	1,	True	
10181,	1,	True	
10193,	1,	Regular
10211,	1,	True	
10223,	1,	Regular
10243,	1,	Regular
10247,	1,	True	
10253,	1,	True	
10259,	1,	True	
10267,	1,	True	
10271,	1,	Regular
10273,	1,	True	
10289,	1,	True	
10301,	1,	Regular
10303,	1,	True	
10313,	1,	True	
10321,	1,	Regular
10331,	1,	True	
10333,	1,	True	
10337,	1,	True	
10343,	1,	Regular
10357,	1,	True	
10369,	1,	Regular
10391,	1,	True	
10399,	1,	Regular
10427,	1,	Regular
10429,	1,	True	
10433,	1,	True	
10453,	1,	Regular
10457,	1,	Regular
10459,	1,	True	
10463,	1,	True	
10477,	1,	Regular
10487,	1,	True	
10499,	1,	Regular
10501,	1,	True	
10513,	1,	True	
10529,	1,	Regular
10531,	1,	Regular
10559,	1,	True	
10567,	1,	True	
10589,	1,	True	
10597,	1,	True	
10601,	1,	True	
10607,	1,	Regular
10613,	1,	Regular
10627,	1,	True	
10631,	1,	True	
10639,	1,	Regular
10651,	1,	True	
10657,	1,	True	
10663,	1,	True	
10667,	1,	True	
10687,	1,	Regular
10691,	1,	Regular
10709,	1,	True	
10711,	1,	Regular
10723,	1,	True	
10729,	1,	True	
10733,	1,	Regular
10739,	1,	Regular
10753,	1,	True	
10771,	1,	True	
10781,	1,	True	
10789,	1,	Regular
10799,	1,	True	
10831,	1,	True	
10837,	1,	Regular
10847,	1,	Regular
10853,	1,	True	
10859,	1,	True	
10861,	1,	True	
10867,	1,	Regular
10883,	1,	True	
10889,	1,	Regular
10891,	1,	True	
10903,	1,	True	
10909,	1,	True	
10937,	1,	True	
10939,	1,	True	
10949,	1,	True	
10957,	1,	True	
10973,	1,	Regular
10979,	1,	True	
10987,	1,	True	
10993,	1,	Regular
11003,	1,	Regular
11027,	1,	True	
11047,	1,	True	
11057,	1,	True	
11059,	1,	True	
11069,	1,	True	
11071,	1,	Regular
11083,	1,	True	
11087,	1,	True	
11093,	1,	True	
11113,	1,	True	
11117,	1,	True	
11119,	1,	True	
11131,	1,	True	
11149,	1,	Regular
11159,	1,	Regular
11161,	1,	True	
11171,	1,	True	
11173,	1,	True	
11177,	1,	True	
11197,	1,	True	
11213,	1,	True	
11239,	1,	True	
11243,	1,	True	
11251,	1,	True	
11257,	1,	Regular
11261,	1,	True	
11273,	1,	True	
11279,	1,	Regular
11287,	1,	True	
11299,	1,	True	
11311,	1,	Regular
11317,	1,	True	
11321,	1,	True	
11329,	1,	True	
11351,	1,	True	
11353,	1,	True	
11369,	1,	True	
11383,	1,	Regular
11393,	1,	Regular
11399,	1,	True	
11411,	1,	True	
11423,	1,	True	
11437,	1,	True	
11443,	1,	True	
11447,	1,	True	
11467,	1,	Regular
11471,	1,	Regular
11483,	1,	True	
11489,	1,	True	
11491,	1,	Regular
11497,	1,	Regular
11503,	1,	True	
11519,	1,	Regular
11527,	1,	True	
11549,	1,	Regular
11551,	1,	True	
11579,	1,	True	
11587,	1,	True	
11593,	1,	True	
11597,	1,	Regular
11617,	1,	Regular
11621,	1,	Regular
11633,	1,	True	
11657,	1,	True	
11677,	1,	True	
11681,	1,	True	
11689,	1,	True	
11699,	1,	Regular
11701,	1,	Regular
11717,	1,	True	
11719,	1,	True	
11731,	1,	Regular
11743,	1,	True	
11777,	1,	Regular
11779,	1,	Regular
11783,	1,	Regular
11789,	1,	True	
11801,	1,	True	
11807,	1,	True	
11813,	1,	True	
11821,	1,	True	
11827,	1,	True	
11831,	1,	Regular
11833,	1,	True	
11839,	1,	True	
11863,	1,	True	
11867,	1,	True	
11887,	1,	Regular
11897,	1,	True	
11903,	1,	Regular
11909,	1,	Regular
11923,	1,	True	
11927,	1,	True	
11933,	1,	Regular
11939,	1,	Regular
11941,	1,	True	
11953,	1,	True	
11959,	1,	Regular
11969,	1,	True	
11971,	1,	True	
11981,	1,	Regular
11987,	1,	Regular
12007,	1,	Regular
12011,	1,	Regular
12037,	1,	Regular
12041,	1,	True	
12043,	1,	Regular
12049,	1,	True	
12071,	1,	True	
12073,	1,	True	
12097,	1,	True	
12101,	1,	True	
12107,	1,	True	
12109,	1,	True	
12113,	1,	True	
12119,	1,	True	
12143,	1,	Regular
12149,	1,	True	
12157,	1,	True	
12161,	1,	True	
12163,	1,	Regular
12197,	1,	True	
12203,	1,	True	
12211,	1,	True	
12227,	1,	True	
12239,	1,	True	
12241,	1,	Regular
12251,	1,	Regular
12253,	1,	True	
12263,	1,	True	
12269,	1,	True	
12277,	1,	Regular
12281,	1,	True	
12289,	1,	True	
12301,	1,	True	
12323,	1,	Regular
12329,	1,	Regular
12343,	1,	True	
12347,	1,	True	
12373,	1,	True	
12377,	1,	Regular
12379,	1,	True	
12391,	1,	True	
12401,	1,	Regular
12409,	1,	True	
12413,	1,	True	
12421,	1,	True	
12433,	1,	Regular
12437,	1,	True	
12451,	1,	True	
12457,	1,	True	
12473,	1,	True	
12479,	1,	Regular
12487,	1,	True	
12491,	1,	True	
12497,	1,	True	
12503,	1,	True	
12511,	1,	Regular
12517,	1,	True	
12527,	1,	Regular
12539,	1,	True	
12541,	1,	True	
12547,	1,	True	
12553,	1,	Regular
12569,	1,	True	
12577,	1,	True	
12583,	1,	Regular
12589,	1,	Regular
12601,	1,	True	
12611,	1,	Regular
12613,	1,	True	
12619,	1,	True	
12637,	1,	Regular
12641,	1,	Regular
12647,	1,	True	
12653,	1,	True	
12659,	1,	True	
12671,	1,	True	
12689,	1,	Regular
12697,	1,	True	
12703,	1,	True	
12713,	1,	Regular
12721,	1,	True	
12739,	1,	Regular
12743,	1,	True	
12757,	1,	True	
12763,	1,	True	
12781,	1,	True	
12791,	1,	Regular
12799,	1,	True	
12809,	1,	True	
12821,	1,	True	
12823,	1,	Regular
12829,	1,	True	
12841,	1,	True	
12853,	1,	True	
12889,	1,	True	
12893,	1,	True	
12899,	1,	True	
12907,	1,	True	
12911,	1,	True	
12917,	1,	Regular
12919,	1,	True	
12923,	1,	Regular
12941,	1,	True	
12953,	1,	Regular
12959,	1,	True	
12967,	1,	True	
12973,	1,	Regular
12979,	1,	Regular
12983,	1,	True	
13001,	1,	Regular
13003,	1,	True	
13007,	1,	True	
13009,	1,	True	
13033,	1,	True	
13037,	1,	True	
13043,	1,	True	
13049,	1,	True	
13063,	1,	True	
13093,	1,	True	
13099,	1,	Regular
13103,	1,	Regular
13109,	1,	Regular
13121,	1,	True	
13127,	1,	True	
13147,	1,	True	
13151,	1,	Regular
13159,	1,	True	
13163,	1,	True	
13171,	1,	True	
13177,	1,	Regular
13183,	1,	Regular
13187,	1,	Regular
13217,	1,	True	
13219,	1,	True	
13229,	1,	Regular
13241,	1,	True	
13249,	1,	True	
13259,	1,	Regular
13267,	1,	True	
13291,	1,	Regular
13297,	1,	True	
13309,	1,	True	
13313,	1,	Regular
13327,	1,	True	
13331,	1,	True	
13337,	1,	Regular
13339,	1,	Regular
13367,	1,	True	
13381,	1,	True	
13397,	1,	True	
13399,	1,	True	
13411,	1,	Regular
13417,	1,	Regular
13421,	1,	Regular
13441,	1,	Regular
13451,	1,	True	
13457,	1,	True	
13463,	1,	Regular
13469,	1,	Regular
13477,	1,	True	
13487,	1,	True	
13499,	1,	Regular
13513,	1,	True	
13523,	1,	True	
13537,	1,	True	
13553,	1,	True	
13567,	1,	Regular
13577,	1,	Regular
13591,	1,	True	
13597,	1,	Regular
13613,	1,	True	
13619,	1,	Regular
13627,	1,	True	
13633,	1,	True	
13649,	1,	Regular
13669,	1,	True	
13679,	1,	True	
13681,	1,	Regular
13687,	1,	True	
13691,	1,	True	
13693,	1,	True	
13697,	1,	Regular
13709,	1,	True	
13711,	1,	True	
13721,	1,	True	
13723,	1,	Regular
13729,	1,	Regular
13751,	1,	True	
13757,	1,	True	
13759,	1,	Regular
13763,	1,	True	
13781,	1,	Regular
13789,	1,	True	
13799,	1,	True	
13807,	1,	Regular
13829,	1,	True	
13831,	1,	Regular
13841,	1,	True	
13859,	1,	Regular
13873,	1,	True	
13877,	1,	True	
13879,	1,	Regular
13883,	1,	Regular
13901,	1,	True	
13903,	1,	True	
13907,	1,	True	
13913,	1,	True	
13921,	1,	True	
13931,	1,	Regular
13933,	1,	True	
13963,	1,	Regular
13967,	1,	Regular
13997,	1,	True	
13999,	1,	True	
14009,	1,	Regular
14011,	1,	True	
14029,	1,	True	
14033,	1,	True	
14051,	1,	True	
14057,	1,	True	
14071,	1,	Regular
14081,	1,	True	
14083,	1,	True	
14087,	1,	Regular
14107,	1,	True	
14143,	1,	Regular
14149,	1,	Regular
14153,	1,	True	
14159,	1,	True	
14173,	1,	True	
14177,	1,	True	
14197,	1,	Regular
14207,	1,	True	
14221,	1,	Regular
14243,	1,	Regular
14249,	1,	Regular
14251,	1,	True	
14281,	1,	True	
14293,	1,	True	
14303,	1,	True	
14321,	1,	Regular
14323,	1,	True	
14327,	1,	Regular
14341,	1,	True	
14347,	1,	Regular
14369,	1,	True	
14387,	1,	True	
14389,	1,	True	
14401,	1,	True	
14407,	1,	True	
14411,	1,	True	
14419,	1,	True	
14423,	1,	True	
14431,	1,	Regular
14437,	1,	True	
14447,	1,	True	
14449,	1,	True	
14461,	1,	Regular
14479,	1,	True	
14489,	1,	True	
14503,	1,	Regular
14519,	1,	True	
14533,	1,	Regular
14537,	1,	True	
14543,	1,	True	
14549,	1,	True	
14551,	1,	True	
14557,	1,	True	
14561,	1,	Regular
14563,	1,	True	
14591,	1,	Regular
14593,	1,	True	
14621,	1,	True	
14627,	1,	True	
14629,	1,	True	
14633,	1,	Regular
14639,	1,	Regular
14653,	1,	True	
14657,	1,	True	
14669,	1,	Regular
14683,	1,	True	
14699,	1,	True	
14713,	1,	True	
14717,	1,	Regular
14723,	1,	True	
14731,	1,	True	
14737,	1,	Regular
14741,	1,	Regular
14747,	1,	Regular
14753,	1,	True	
14759,	1,	True	
14767,	1,	Regular
14771,	1,	True	
14779,	1,	True	
14783,	1,	True	
14797,	1,	True	
14813,	1,	True	
14821,	1,	Regular
14827,	1,	True	
14831,	1,	True	
14843,	1,	True	
14851,	1,	Regular
14867,	1,	Regular
14869,	1,	True	
14879,	1,	True	
14887,	1,	True	
14891,	1,	True	
14897,	1,	Regular
14923,	1,	Regular
14929,	1,	Regular
14939,	1,	True	
14947,	1,	True	
14951,	1,	Regular
14957,	1,	True	
14969,	1,	True	
14983,	1,	True	
15013,	1,	True	
15017,	1,	True	
15031,	1,	True	
15053,	1,	Regular
15061,	1,	True	
15073,	1,	True	
15077,	1,	True	
15083,	1,	True	
15091,	1,	True	
15101,	1,	Regular
15107,	1,	Regular
15121,	1,	True	
15131,	1,	Regular
15137,	1,	Regular
15139,	1,	True	
15149,	1,	True	
15161,	1,	True	
15173,	1,	True	
15187,	1,	True	
15193,	1,	True	
15199,	1,	True	
15217,	1,	True	
15227,	1,	True	
15233,	1,	True	
15241,	1,	Regular
15259,	1,	True	
15263,	1,	Regular
15269,	1,	True	
15271,	1,	True	
15277,	1,	True	
15287,	1,	Regular
15289,	1,	Regular
15299,	1,	True	
15307,	1,	True	
15313,	1,	Regular
15319,	1,	Regular
15329,	1,	True	
15331,	1,	True	
15349,	1,	True	
15359,	1,	True	
15361,	1,	Regular
15373,	1,	True	
15377,	1,	True	
15383,	1,	True	
15391,	1,	Regular
15401,	1,	True	
15413,	1,	Regular
15427,	1,	True	
15439,	1,	Regular
15443,	1,	Regular
15451,	1,	True	
15461,	1,	True	
15467,	1,	True	
15473,	1,	True	
15493,	1,	True	
15497,	1,	Regular
15511,	1,	True	
15527,	1,	Regular
15541,	1,	True	
15551,	1,	True	
15559,	1,	True	
15569,	1,	Regular
15581,	1,	True	
15583,	1,	True	
15601,	1,	Regular
15607,	1,	True	
15619,	1,	True	
15629,	1,	True	
15641,	1,	True	
15643,	1,	True	
15647,	1,	Regular
15649,	1,	True	
15661,	1,	True	
15667,	1,	True	
15671,	1,	True	
15679,	1,	Regular
15683,	1,	Regular
15727,	1,	True	
15731,	1,	Regular
15733,	1,	True	
15737,	1,	True	
15739,	1,	True	
15749,	1,	True	
15761,	1,	Regular
15767,	1,	True	
15773,	1,	True	
15787,	1,	Regular
15791,	1,	True	
15797,	1,	True	
15803,	1,	Regular
15809,	1,	Regular
15817,	1,	True	
15823,	1,	True	
15859,	1,	Regular
15877,	1,	True	
15881,	1,	Regular
15887,	1,	Regular
15889,	1,	True	
15901,	1,	True	
15907,	1,	Regular
15913,	1,	Regular
15919,	1,	True	
15923,	1,	True	
15937,	1,	Regular
15959,	1,	Regular
15971,	1,	True	
15973,	1,	True	
15991,	1,	Regular
16001,	1,	True	
16007,	1,	True	
16033,	1,	True	
16057,	1,	True	
16061,	1,	True	
16063,	1,	Regular
16067,	1,	Regular
16069,	1,	Regular
16073,	1,	Regular
16087,	1,	True	
16091,	1,	True	
16097,	1,	True	
16103,	1,	True	
16111,	1,	True	
16127,	1,	True	
16139,	1,	True	
16141,	1,	Regular
16183,	1,	True	
16187,	1,	True	
16189,	1,	True	
16193,	1,	Regular
16217,	1,	True	
16223,	1,	Regular
16229,	1,	Regular
16231,	1,	True	
16249,	1,	Regular
16253,	1,	True	
16267,	1,	True	
16273,	1,	True	
16301,	1,	Regular
16319,	1,	True	
16333,	1,	Regular
16339,	1,	True	
16349,	1,	Regular
16361,	1,	True	
16363,	1,	True	
16369,	1,	True	
16381,	1,	Regular
16411,	1,	Regular
16417,	1,	True	
16421,	1,	True	
16427,	1,	Regular
16433,	1,	Regular
16447,	1,	True	
16451,	1,	True	
16453,	1,	Regular
16477,	1,	True	
16481,	1,	True	
16487,	1,	True	
16493,	1,	True	
16519,	1,	True	
16529,	1,	True	
16547,	1,	True	
16553,	1,	True	
16561,	1,	Regular
16567,	1,	Regular
16573,	1,	True	
16603,	1,	True	
16607,	1,	True	
16619,	1,	Regular
16631,	1,	True	
16633,	1,	True	
16649,	1,	True	
16651,	1,	True	
16657,	1,	True	
16661,	1,	Regular
16673,	1,	True	
16691,	1,	Regular
16693,	1,	Regular
16699,	1,	True	
16703,	1,	True	
16729,	1,	True	
16741,	1,	True	
16747,	1,	True	
16759,	1,	True	
16763,	1,	True	
16787,	1,	True	
16811,	1,	True	
16823,	1,	Regular
16829,	1,	True	
16831,	1,	True	
16843,	1,	Regular
16871,	1,	True	
16879,	1,	Regular
16883,	1,	True	
16889,	1,	True	
16901,	1,	Regular
16903,	1,	True	
16921,	1,	Regular
16927,	1,	Regular
16931,	1,	Regular
16937,	1,	True	
16943,	1,	True	
16963,	1,	True	
16979,	1,	Regular
16981,	1,	True	
16987,	1,	True	
16993,	1,	True	
17011,	1,	True	
17021,	1,	True	
17027,	1,	True	
17029,	1,	Regular
17033,	1,	True	
17041,	1,	True	
17047,	1,	True	
17053,	1,	True	
17077,	1,	Regular
17093,	1,	True	
17099,	1,	True	
17107,	1,	Regular
17117,	1,	True	
17123,	1,	True	
17137,	1,	True	
17159,	1,	Regular
17167,	1,	True	
17183,	1,	True	
17189,	1,	True	
17191,	1,	Regular
17203,	1,	True	
17207,	1,	Regular
17209,	1,	True	
17231,	1,	True	
17239,	1,	Regular
17257,	1,	True	
17291,	1,	Regular
17293,	1,	True	
17299,	1,	True	
17317,	1,	Regular
17321,	1,	Regular
17327,	1,	True	
17333,	1,	True	
17341,	1,	Regular
17351,	1,	True	
17359,	1,	True	
17377,	1,	True	
17383,	1,	True	
17387,	1,	True	
17389,	1,	Regular
17393,	1,	Regular
17401,	1,	True	
17417,	1,	True	
17419,	1,	Regular
17431,	1,	True	
17443,	1,	True	
17449,	1,	True	
17467,	1,	Regular
17471,	1,	Regular
17477,	1,	Regular
17483,	1,	True	
17489,	1,	True	
17491,	1,	True	
17497,	1,	Regular
17509,	1,	True	
17519,	1,	Regular
17539,	1,	True	
17551,	1,	Regular
17569,	1,	True	
17573,	1,	True	
17579,	1,	True	
17581,	1,	Regular
17597,	1,	Regular
17599,	1,	True	
17609,	1,	True	
17623,	1,	Regular
17627,	1,	Regular
17657,	1,	True	
17659,	1,	Regular
17669,	1,	True	
17681,	1,	Regular
17683,	1,	True	
17707,	1,	Regular
17713,	1,	True	
17729,	1,	True	
17737,	1,	Regular
17747,	1,	True	
17749,	1,	True	
17761,	1,	True	
17783,	1,	Regular
17789,	1,	Regular
17791,	1,	True	
17807,	1,	True	
17827,	1,	True	
17837,	1,	Regular
17839,	1,	True	
17851,	1,	True	
17863,	1,	Regular
17881,	1,	True	
17891,	1,	True	
17903,	1,	True	
17909,	1,	Regular
17911,	1,	True	
17921,	1,	True	
17923,	1,	True	
17929,	1,	True	
17939,	1,	Regular
17957,	1,	True	
17959,	1,	True	
17971,	1,	Regular
17977,	1,	True	
17981,	1,	True	
17987,	1,	Regular
17989,	1,	True	
18013,	1,	Regular
18041,	1,	True	
18043,	1,	Regular
18047,	1,	True	
18049,	1,	Regular
18059,	1,	True	
18061,	1,	True	
18077,	1,	True	
18089,	1,	True	
18097,	1,	Regular
18119,	1,	True	
18121,	1,	Regular
18127,	1,	Regular
18131,	1,	True	
18133,	1,	True	
18143,	1,	Regular
18149,	1,	Regular
18169,	1,	Regular
18181,	1,	True	
18191,	1,	True	
18199,	1,	Regular
18211,	1,	True	
18217,	1,	True	
18223,	1,	True	
18229,	1,	True	
18233,	1,	True	
18251,	1,	Regular
18253,	1,	Regular
18257,	1,	Regular
18269,	1,	True	
18287,	1,	True	
18289,	1,	True	
18301,	1,	True	
18307,	1,	True	
18311,	1,	True	
18313,	1,	True	
18329,	1,	Regular
18341,	1,	True	
18353,	1,	True	
18367,	1,	True	
18371,	1,	True	
18379,	1,	True	
18397,	1,	True	
18401,	1,	True	
18413,	1,	Regular
18427,	1,	True	
18433,	1,	Regular
18439,	1,	Regular
18443,	1,	True	
18451,	1,	True	
18457,	1,	True	
18461,	1,	Regular
18481,	1,	Regular
18493,	1,	True	
18503,	1,	True	
18517,	1,	Regular
18521,	1,	True	
18523,	1,	True	
18539,	1,	Regular
18541,	1,	True	
18553,	1,	True	
18583,	1,	True	
18587,	1,	True	
18593,	1,	True	
18617,	1,	Regular
18637,	1,	Regular
18661,	1,	True	
18671,	1,	True	
18679,	1,	True	
18691,	1,	True	
18701,	1,	True	
18713,	1,	True	
18719,	1,	Regular
18731,	1,	True	
18743,	1,	True	
18749,	1,	True	
18757,	1,	True	
18773,	1,	Regular
18787,	1,	True	
18793,	1,	Regular
18797,	1,	Regular
18803,	1,	Regular
18839,	1,	True	
18859,	1,	True	
18869,	1,	True	
18899,	1,	True	
18911,	1,	True	
18913,	1,	True	
18917,	1,	True	
18919,	1,	True	
18947,	1,	True	
18959,	1,	Regular
18973,	1,	True	
18979,	1,	Regular
19001,	1,	Regular
19009,	1,	True	
19013,	1,	True	
19031,	1,	Regular
19037,	1,	Regular
19051,	1,	True	
19069,	1,	True	
19073,	1,	True	
19079,	1,	Regular
19081,	1,	True	
19087,	1,	True	
19121,	1,	True	
19139,	1,	True	
19141,	1,	Regular
19157,	1,	Regular
19163,	1,	Regular
19181,	1,	True	
19183,	1,	Regular
19207,	1,	True	
19211,	1,	True	
19213,	1,	Regular
19219,	1,	Regular
19231,	1,	True	
19237,	1,	True	
19249,	1,	True	
19259,	1,	True	
19267,	1,	Regular
19273,	1,	True	
19289,	1,	True	
19301,	1,	True	
19309,	1,	True	
19319,	1,	Regular
19333,	1,	True	
19373,	1,	True	
19379,	1,	True	
19381,	1,	True	
19387,	1,	True	
19391,	1,	Regular
19403,	1,	True	
19417,	1,	Regular
19421,	1,	Regular
19423,	1,	Regular
19427,	1,	Regular
19429,	1,	True	
19433,	1,	True	
19441,	1,	True	
19447,	1,	Regular
19457,	1,	True	
19463,	1,	True	
19469,	1,	Regular
19471,	1,	True	
19477,	1,	True	
19483,	1,	True	
19489,	1,	True	
19501,	1,	Regular
19507,	1,	True	
19531,	1,	Regular
19541,	1,	True	
19543,	1,	True	
19553,	1,	Regular
19559,	1,	True	
19571,	1,	True	
19577,	1,	Regular
19583,	1,	Regular
19597,	1,	True	
19603,	1,	Regular
19609,	1,	Regular
19661,	1,	Regular
19681,	1,	Regular
19687,	1,	Regular
19697,	1,	True	
19699,	1,	True	
19709,	1,	Regular
19717,	1,	True	
19727,	1,	True	
19739,	1,	Regular
19751,	1,	True	
19753,	1,	True	
19759,	1,	Regular
19763,	1,	True	
19777,	1,	True	
19793,	1,	True	
19801,	1,	True	
19813,	1,	Regular
19819,	1,	True	
19841,	1,	True	
19843,	1,	Regular
19853,	1,	True	
19861,	1,	True	
19867,	1,	True	
19889,	1,	Regular
19891,	1,	Regular
19913,	1,	True	
19919,	1,	True	
19927,	1,	True	
19937,	1,	Regular
19949,	1,	True	
19961,	1,	True	
19963,	1,	Regular
19973,	1,	Regular
19979,	1,	True	
19991,	1,	True	
19993,	1,	Regular
19997,	1,	True	
20011,	1,	True	
20021,	1,	Regular
20023,	1,	True	
20029,	1,	True	
20047,	1,	Regular
20051,	1,	Regular
20063,	1,	True	
20071,	1,	Regular
20089,	1,	True	
20101,	1,	True	
20107,	1,	True	
20113,	1,	True	
20117,	1,	True	
20123,	1,	Regular
20129,	1,	Regular
20143,	1,	True	
20147,	1,	True	
20149,	1,	Regular
20161,	1,	True	
20173,	1,	True	
20177,	1,	Regular
20183,	1,	True	
20201,	1,	Regular
20219,	1,	True	
20231,	1,	True	
20233,	1,	Regular
20249,	1,	Regular
20261,	1,	True	
20269,	1,	True	
20287,	1,	True	
20297,	1,	True	
20323,	1,	True	
20327,	1,	Regular
20333,	1,	Regular
20341,	1,	True	
20347,	1,	True	
20353,	1,	Regular
20357,	1,	Regular
20359,	1,	Regular
20369,	1,	True	
20389,	1,	Regular
20393,	1,	True	
20399,	1,	True	
20407,	1,	True	
20411,	1,	Regular
20431,	1,	Regular
20441,	1,	Regular
20443,	1,	True	
20477,	1,	True	
20479,	1,	True	
20483,	1,	Regular
20507,	1,	True	
20509,	1,	Regular
20521,	1,	True	
20533,	1,	True	
20543,	1,	True	
20549,	1,	True	
20551,	1,	True	
20563,	1,	True	
20593,	1,	Regular
20599,	1,	True	
20611,	1,	True	
20627,	1,	True	
20639,	1,	Regular
20641,	1,	True	
20663,	1,	True	
20681,	1,	True	
20693,	1,	True	
20707,	1,	True	
20717,	1,	Regular
20719,	1,	True	
20731,	1,	True	
20743,	1,	Regular
20747,	1,	Regular
20749,	1,	Regular
20753,	1,	Regular
20759,	1,	True	
20771,	1,	True	
20773,	1,	Regular
20789,	1,	True	
20807,	1,	True	
20809,	1,	True	
20849,	1,	True	
20857,	1,	Regular
20873,	1,	Regular
20879,	1,	Regular
20887,	1,	True	
20897,	1,	True	
20899,	1,	Regular
20903,	1,	Regular
20921,	1,	True	
20929,	1,	Regular
20939,	1,	True	
20947,	1,	True	
20959,	1,	True	
20963,	1,	True	
20981,	1,	Regular
20983,	1,	Regular
21001,	1,	True	
21011,	1,	True	
21013,	1,	Regular
21017,	1,	True	
21019,	1,	True	
21023,	1,	True	
21031,	1,	True	
21059,	1,	Regular
21061,	1,	Regular
21067,	1,	True	
21089,	1,	True	
21101,	1,	True	
21107,	1,	Regular
21121,	1,	True	
21139,	1,	Regular
21143,	1,	Regular
21149,	1,	True	
21157,	1,	True	
21163,	1,	Regular
21169,	1,	Regular
21179,	1,	True	
21187,	1,	True	
21191,	1,	Regular
21193,	1,	True	
21211,	1,	Regular
21221,	1,	Regular
21227,	1,	True	
21247,	1,	Regular
21269,	1,	Regular
21277,	1,	True	
21283,	1,	True	
21313,	1,	True	
21317,	1,	True	
21319,	1,	Regular
21323,	1,	True	
21341,	1,	Regular
21347,	1,	Regular
21377,	1,	Regular
21379,	1,	True	
21383,	1,	True	
21391,	1,	True	
21397,	1,	Regular
21401,	1,	True	
21407,	1,	True	
21419,	1,	Regular
21433,	1,	True	
21467,	1,	True	
21481,	1,	Regular
21487,	1,	True	
21491,	1,	True	
21493,	1,	True	
21499,	1,	True	
21503,	1,	Regular
21517,	1,	True	
21521,	1,	True	
21523,	1,	Regular
21529,	1,	Regular
21557,	1,	True	
21559,	1,	Regular
21563,	1,	True	
21569,	1,	True	
21577,	1,	True	
21587,	1,	True	
21589,	1,	True	
21599,	1,	True	
21601,	1,	Regular
21611,	1,	Regular
21613,	1,	True	
21617,	1,	True	
21647,	1,	True	
21649,	1,	True	
21661,	1,	True	
21673,	1,	True	
21683,	1,	Regular
21701,	1,	True	
21713,	1,	True	
21727,	1,	True	
21737,	1,	Regular
21739,	1,	True	
21751,	1,	True	
21757,	1,	Regular
21767,	1,	Regular
21773,	1,	True	
21787,	1,	Regular
21799,	1,	True	
21803,	1,	True	
21817,	1,	True	
21821,	1,	True	
21839,	1,	Regular
21841,	1,	Regular
21851,	1,	True	
21859,	1,	True	
21863,	1,	True	
21871,	1,	Regular
21881,	1,	True	
21893,	1,	Regular
21911,	1,	True	
21929,	1,	True	
21937,	1,	True	
21943,	1,	Regular
21961,	1,	True	
21977,	1,	True	
21991,	1,	Regular
21997,	1,	Regular
22003,	1,	True	
22013,	1,	True	
22027,	1,	Regular
22031,	1,	True	
22037,	1,	True	
22039,	1,	True	
22051,	1,	True	
22063,	1,	True	
22067,	1,	True	
22073,	1,	Regular
22079,	1,	Regular
22091,	1,	True	
22093,	1,	True	
22109,	1,	True	
22111,	1,	True	
22123,	1,	True	
22129,	1,	True	
22133,	1,	True	
22147,	1,	Regular
22153,	1,	Regular
22157,	1,	Regular
22159,	1,	True	
22171,	1,	True	
22189,	1,	True	
22193,	1,	True	
22229,	1,	Regular
22247,	1,	True	
22259,	1,	True	
22271,	1,	True	
22273,	1,	True	
22277,	1,	Regular
22279,	1,	True	
22283,	1,	Regular
22291,	1,	True	
22303,	1,	Regular
22307,	1,	Regular
22343,	1,	True	
22349,	1,	True	
22367,	1,	True	
22369,	1,	True	
22381,	1,	Regular
22391,	1,	Regular
22397,	1,	True	
22409,	1,	True	
22433,	1,	Regular
22441,	1,	True	
22447,	1,	True	
22453,	1,	True	
22469,	1,	Regular
22481,	1,	True	
22483,	1,	True	
22501,	1,	True	
22511,	1,	Regular
22531,	1,	True	
22541,	1,	Regular
22543,	1,	Regular
22549,	1,	True	
22567,	1,	Regular
22571,	1,	True	
22573,	1,	Regular
22613,	1,	True	
22619,	1,	Regular
22621,	1,	Regular
22637,	1,	True	
22639,	1,	True	
22643,	1,	True	
22651,	1,	Regular
22669,	1,	True	
22679,	1,	True	
22691,	1,	True	
22697,	1,	Regular
22699,	1,	Regular
22709,	1,	True	
22717,	1,	True	
22721,	1,	True	
22727,	1,	True	
22739,	1,	True	
22741,	1,	True	
22751,	1,	Regular
22769,	1,	True	
22777,	1,	Regular
22783,	1,	True	
22787,	1,	True	
22807,	1,	Regular
22811,	1,	True	
22817,	1,	True	
22853,	1,	Regular
22859,	1,	Regular
22861,	1,	True	
22871,	1,	True	
22877,	1,	True	
22901,	1,	Regular
22907,	1,	Regular
22921,	1,	True	
22937,	1,	Regular
22943,	1,	True	
22961,	1,	True	
22963,	1,	Regular
22973,	1,	True	
22993,	1,	True	
23003,	1,	True	
23011,	1,	Regular
23017,	1,	True	
23021,	1,	True	
23027,	1,	True	
23029,	1,	True	
23039,	1,	True	
23041,	1,	Regular
23053,	1,	True	
23057,	1,	Regular
23059,	1,	True	
23063,	1,	Regular
23071,	1,	True	
23081,	1,	True	
23087,	1,	Regular
23099,	1,	True	
23117,	1,	True	
23131,	1,	True	
23143,	1,	True	
23159,	1,	True	
23167,	1,	Regular
23173,	1,	True	
23189,	1,	True	
23197,	1,	Regular
23201,	1,	True	
23203,	1,	True	
23209,	1,	True	
23227,	1,	True	
23251,	1,	True	
23269,	1,	Regular
23279,	1,	True	
23291,	1,	Regular
23293,	1,	True	
23297,	1,	Regular
23311,	1,	True	
23321,	1,	Regular
23327,	1,	Regular
23333,	1,	True	
23339,	1,	True	
23357,	1,	True	
23369,	1,	Regular
23371,	1,	True	
23399,	1,	Regular
23417,	1,	True	
23431,	1,	Regular
23447,	1,	Regular
23459,	1,	True	
23473,	1,	Regular
23497,	1,	True	
23509,	1,	Regular
23531,	1,	Regular
23537,	1,	True	
23539,	1,	True	
23549,	1,	True	
23557,	1,	Regular
23561,	1,	Regular
23563,	1,	True	
23567,	1,	True	
23581,	1,	Regular
23593,	1,	True	
23599,	1,	True	
23603,	1,	Regular
23609,	1,	Regular
23623,	1,	True	
23627,	1,	True	
23629,	1,	Regular
23633,	1,	Regular
23663,	1,	True	
23669,	1,	True	
23671,	1,	True	
23677,	1,	True	
23687,	1,	Regular
23689,	1,	True	
23719,	1,	True	
23741,	1,	True	
23743,	1,	Regular
23747,	1,	True	
23753,	1,	True	
23761,	1,	True	
23767,	1,	True	
23773,	1,	True	
23789,	1,	Regular
23801,	1,	True	
23813,	1,	True	
23819,	1,	True	
23827,	1,	True	
23831,	1,	True	
23833,	1,	True	
23857,	1,	True	
23869,	1,	Regular
23873,	1,	Regular
23879,	1,	True	
23887,	1,	True	
23893,	1,	Regular
23899,	1,	Regular
23909,	1,	True	
23911,	1,	True	
23917,	1,	True	
23929,	1,	True	
23957,	1,	True	
23971,	1,	Regular
23977,	1,	Regular
23981,	1,	True	
23993,	1,	Regular
24001,	1,	True	
24007,	1,	True	
24019,	1,	Regular
24023,	1,	Regular
24029,	1,	Regular
24043,	1,	True	
24049,	1,	Regular
24061,	1,	True	
24071,	1,	Regular
24077,	1,	Regular
24083,	1,	True	
24091,	1,	True	
24097,	1,	Regular
24103,	1,	Regular
24107,	1,	Regular
24109,	1,	True	
24113,	1,	True	
24121,	1,	True	
24133,	1,	Regular
24137,	1,	True	
24151,	1,	True	
24169,	1,	True	
24179,	1,	Regular
24181,	1,	Regular
24197,	1,	True	
24203,	1,	True	
24223,	1,	True	
24229,	1,	True	
24239,	1,	True	
24247,	1,	True	
24251,	1,	True	
24281,	1,	True	
24317,	1,	True	
24329,	1,	True	
24337,	1,	Regular
24359,	1,	True	
24371,	1,	True	
24373,	1,	True	
24379,	1,	True	
24391,	1,	True	
24407,	1,	True	
24413,	1,	Regular
24419,	1,	Regular
24421,	1,	True	
24439,	1,	Regular
24443,	1,	True	
24469,	1,	True	
24473,	1,	True	
24481,	1,	True	
24499,	1,	True	
24509,	1,	True	
24517,	1,	Regular
24527,	1,	True	
24533,	1,	True	
24547,	1,	True	
24551,	1,	True	
24571,	1,	Regular
24593,	1,	True	
24611,	1,	True	
24623,	1,	Regular
24631,	1,	True	
24659,	1,	True	
24671,	1,	True	
24677,	1,	True	
24683,	1,	True	
24691,	1,	True	
24697,	1,	True	
24709,	1,	True	
24733,	1,	True	
24749,	1,	True	
24763,	1,	True	
24767,	1,	True	
24781,	1,	True	
24793,	1,	True	
24799,	1,	Regular
24809,	1,	Regular
24821,	1,	True	
24841,	1,	True	
24847,	1,	True	
24851,	1,	Regular
24859,	1,	True	
24877,	1,	Regular
24889,	1,	True	
24907,	1,	Regular
24917,	1,	True	
24919,	1,	True	
24923,	1,	True	
24943,	1,	True	
24953,	1,	True	
24967,	1,	True	
24971,	1,	True	
24977,	1,	True	
24979,	1,	True	
24989,	1,	True	
25013,	1,	Regular
25031,	1,	True	
25033,	1,	Regular
25037,	1,	Regular
25057,	1,	True	
25073,	1,	True	
25087,	1,	True	
25097,	1,	True	
25111,	1,	Regular
25117,	1,	Regular
25121,	1,	Regular
25127,	1,	True	
25147,	1,	Regular
25153,	1,	True	
25163,	1,	Regular
25169,	1,	Regular
25171,	1,	True	
25183,	1,	True	
25189,	1,	Regular
25219,	1,	Regular
25229,	1,	True	
25237,	1,	True	
25243,	1,	True	
25247,	1,	Regular
25253,	1,	True	
25261,	1,	True	
25301,	1,	True	
25303,	1,	Regular
25307,	1,	True	
25309,	1,	True	
25321,	1,	True	
25339,	1,	True	
25343,	1,	True	
25349,	1,	Regular
25357,	1,	True	
25367,	1,	True	
25373,	1,	True	
25391,	1,	True	
25409,	1,	True	
25411,	1,	True	
25423,	1,	Regular
25439,	1,	True	
25447,	1,	True	
25453,	1,	Regular
25457,	1,	True	
25463,	1,	True	
25469,	1,	True	
25471,	1,	True	
25523,	1,	True	
25537,	1,	Regular
25541,	1,	True	
25561,	1,	True	
25577,	1,	True	
25579,	1,	Regular
25583,	1,	Regular
25589,	1,	Regular
25601,	1,	True	
25603,	1,	True	
25609,	1,	Regular
25621,	1,	True	
25633,	1,	True	
25639,	1,	True	
25643,	1,	True	
25657,	1,	Regular
25667,	1,	Regular
25673,	1,	True	
25679,	1,	True	
25693,	1,	Regular
25703,	1,	True	
25717,	1,	True	
25733,	1,	True	
25741,	1,	Regular
25747,	1,	True	
25759,	1,	True	
25763,	1,	True	
25771,	1,	Regular
25793,	1,	Regular
25799,	1,	True	
25801,	1,	True	
25819,	1,	Regular
25841,	1,	True	
25847,	1,	True	
25849,	1,	Regular
25867,	1,	True	
25873,	1,	True	
25889,	1,	True	
25903,	1,	True	
25913,	1,	True	
25919,	1,	True	
25931,	1,	True	
25933,	1,	True	
25939,	1,	True	
25943,	1,	Regular
25951,	1,	True	
25969,	1,	Regular
25981,	1,	True	
25997,	1,	True	
25999,	1,	Regular
26003,	1,	True	
26017,	1,	True	
26021,	1,	Regular
26029,	1,	True	
26041,	1,	True	
26053,	1,	Regular
26083,	1,	Regular
26099,	1,	Regular
26107,	1,	True	
26111,	1,	True	
26113,	1,	True	
26119,	1,	True	
26141,	1,	True	
26153,	1,	True	
26161,	1,	Regular
26171,	1,	True	
26177,	1,	Regular
26183,	1,	Regular
26189,	1,	True	
26203,	1,	Regular
26209,	1,	Regular
26227,	1,	True	
26237,	1,	True	
26249,	1,	True	
26251,	1,	True	
26261,	1,	Regular
26263,	1,	True	
26267,	1,	True	
26293,	1,	True	
26297,	1,	True	
26309,	1,	True	
26317,	1,	Regular
26321,	1,	True	
26339,	1,	Regular
26347,	1,	True	
26357,	1,	True	
26371,	1,	True	
26387,	1,	True	
26393,	1,	True	
26399,	1,	True	
26407,	1,	True	
26417,	1,	Regular
26423,	1,	True	
26431,	1,	True	
26437,	1,	Regular
26449,	1,	True	
26459,	1,	True	
26479,	1,	True	
26489,	1,	Regular
26497,	1,	True	
26501,	1,	True	
26513,	1,	True	
26539,	1,	True	
26557,	1,	True	
26561,	1,	True	
26573,	1,	Regular
26591,	1,	True	
26597,	1,	Regular
26627,	1,	True	
26633,	1,	True	
26641,	1,	True	
26647,	1,	True	
26669,	1,	True	
26681,	1,	Regular
26683,	1,	True	
26687,	1,	True	
26693,	1,	True	
26699,	1,	True	
26701,	1,	Regular
26711,	1,	True	
26713,	1,	True	
26717,	1,	True	
26723,	1,	Regular
26729,	1,	Regular
26731,	1,	True	
26737,	1,	True	
26759,	1,	Regular
26777,	1,	True	
26783,	1,	True	
26801,	1,	Regular
26813,	1,	True	
26821,	1,	True	
26833,	1,	Regular
26839,	1,	True	
26849,	1,	True	
26861,	1,	True	
26863,	1,	Regular
26879,	1,	Regular
26881,	1,	True	
26891,	1,	True	
26893,	1,	True	
26903,	1,	True	
26921,	1,	True	
26927,	1,	True	
26947,	1,	True	
26951,	1,	True	
26953,	1,	True	
26959,	1,	True	
26981,	1,	True	
26987,	1,	Regular
26993,	1,	Regular
27011,	1,	True	
27017,	1,	True	
27031,	1,	True	
27043,	1,	True	
27059,	1,	True	
27061,	1,	Regular
27067,	1,	Regular
27073,	1,	True	
27077,	1,	True	
27091,	1,	Regular
27103,	1,	True	
27107,	1,	True	
27109,	1,	True	
27127,	1,	True	
27143,	1,	Regular
27179,	1,	True	
27191,	1,	Regular
27197,	1,	Regular
27211,	1,	True	
27239,	1,	True	
27241,	1,	True	
27253,	1,	Regular
27259,	1,	True	
27271,	1,	True	
27277,	1,	True	
27281,	1,	True	
27283,	1,	True	
27299,	1,	Regular
27329,	1,	True	
27337,	1,	True	
27361,	1,	True	
27367,	1,	True	
27397,	1,	True	
27407,	1,	True	
27409,	1,	Regular
27427,	1,	True	
27431,	1,	Regular
27437,	1,	True	
27449,	1,	True	
27457,	1,	Regular
27479,	1,	True	
27481,	1,	Regular
27487,	1,	Regular
27509,	1,	Regular
27527,	1,	True	
27529,	1,	Regular
27539,	1,	Regular
27541,	1,	True	
27551,	1,	True	
27581,	1,	Regular
27583,	1,	True	
27611,	1,	Regular
27617,	1,	Regular
27631,	1,	True	
27647,	1,	True	
27653,	1,	True	
27673,	1,	True	
27689,	1,	Regular
27691,	1,	Regular
27697,	1,	True	
27701,	1,	True	
27733,	1,	True	
27737,	1,	Regular
27739,	1,	True	
27743,	1,	Regular
27749,	1,	True	
27751,	1,	True	
27763,	1,	Regular
27767,	1,	Regular
27773,	1,	Regular
27779,	1,	True	
27791,	1,	True	
27793,	1,	Regular
27799,	1,	Regular
27803,	1,	True	
27809,	1,	True	
27817,	1,	True	
27823,	1,	True	
27827,	1,	True	
27847,	1,	Regular
27851,	1,	Regular
27883,	1,	True	
27893,	1,	Regular
27901,	1,	True	
27917,	1,	True	
27919,	1,	Regular
27941,	1,	True	
27943,	1,	True	
27947,	1,	True	
27953,	1,	True	
27961,	1,	True	
27967,	1,	True	
27983,	1,	True	
27997,	1,	Regular
28001,	1,	Regular
28019,	1,	True	
28027,	1,	Regular
28031,	1,	True	
28051,	1,	True	
28057,	1,	True	
28069,	1,	True	
28081,	1,	Regular
28087,	1,	True	
28097,	1,	True	
28099,	1,	True	
28109,	1,	True	
28111,	1,	Regular
28123,	1,	True	
28151,	1,	True	
28163,	1,	Regular
28181,	1,	True	
28183,	1,	Regular
28201,	1,	True	
28211,	1,	Regular
28219,	1,	True	
28229,	1,	True	
28277,	1,	True	
28279,	1,	True	
28283,	1,	Regular
28289,	1,	Regular
28297,	1,	True	
28307,	1,	True	
28309,	1,	Regular
28319,	1,	Regular
28349,	1,	True	
28351,	1,	True	
28387,	1,	Regular
28393,	1,	Regular
28403,	1,	True	
28409,	1,	True	
28411,	1,	True	
28429,	1,	True	
28433,	1,	True	
28439,	1,	Regular
28447,	1,	True	
28463,	1,	True	
28477,	1,	True	
28493,	1,	True	
28499,	1,	True	
28513,	1,	True	
28517,	1,	Regular
28537,	1,	True	
28541,	1,	True	
28547,	1,	Regular
28549,	1,	Regular
28559,	1,	True	
28571,	1,	True	
28573,	1,	Regular
28579,	1,	Regular
28591,	1,	True	
28597,	1,	True	
28603,	1,	True	
28607,	1,	True	
28619,	1,	True	
28621,	1,	Regular
28627,	1,	Regular
28631,	1,	Regular
28643,	1,	True	
28649,	1,	True	
28657,	1,	Regular
28661,	1,	True	
28663,	1,	True	
28669,	1,	True	
28687,	1,	True	
28697,	1,	True	
28703,	1,	Regular
28711,	1,	True	
28723,	1,	True	
28729,	1,	Regular
28751,	1,	Regular
28753,	1,	True	
28759,	1,	True	
28771,	1,	True	
28789,	1,	True	
28793,	1,	True	
28807,	1,	Regular
28813,	1,	Regular
28817,	1,	True	
28837,	1,	True	
28843,	1,	True	
28859,	1,	Regular
28867,	1,	True	
28871,	1,	True	
28879,	1,	True	
28901,	1,	True	
28909,	1,	True	
28921,	1,	True	
28927,	1,	True	
28933,	1,	Regular
28949,	1,	True	
28961,	1,	True	
28979,	1,	True	
29009,	1,	True	
29017,	1,	Regular
29021,	1,	Regular
29023,	1,	True	
29027,	1,	True	
29033,	1,	True	
29059,	1,	True	
29063,	1,	Regular
29077,	1,	True	
29101,	1,	True	
29123,	1,	True	
29129,	1,	True	
29131,	1,	True	
29137,	1,	True	
29147,	1,	Regular
29153,	1,	True	
29167,	1,	Regular
29173,	1,	Regular
29179,	1,	True	
29191,	1,	True	
29201,	1,	True	
29207,	1,	True	
29209,	1,	True	
29221,	1,	True	
29231,	1,	True	
29243,	1,	True	
29251,	1,	Regular
29269,	1,	True	
29287,	1,	True	
29297,	1,	Regular
29303,	1,	Regular
29311,	1,	True	
29327,	1,	Regular
29333,	1,	Regular
29339,	1,	True	
29347,	1,	True	
29363,	1,	True	
29383,	1,	True	
29387,	1,	True	
29389,	1,	True	
29399,	1,	True	
29401,	1,	Regular
29411,	1,	Regular
29423,	1,	True	
29429,	1,	True	
29437,	1,	Regular
29443,	1,	True	
29453,	1,	Regular
29473,	1,	True	
29483,	1,	Regular
29501,	1,	True	
29527,	1,	True	
29531,	1,	Regular
29537,	1,	Regular
29567,	1,	Regular
29569,	1,	True	
29573,	1,	True	
29581,	1,	True	
29587,	1,	Regular
29599,	1,	True	
29611,	1,	True	
29629,	1,	True	
29633,	1,	True	
29641,	1,	Regular
29663,	1,	True	
29669,	1,	True	
29671,	1,	Regular
29683,	1,	True	
29717,	1,	Regular
29723,	1,	Regular
29741,	1,	True	
29753,	1,	True	
29759,	1,	True	
29761,	1,	True	
29789,	1,	True	
29803,	1,	True	
29819,	1,	True	
29833,	1,	True	
29837,	1,	True	
29851,	1,	True	
29863,	1,	True	
29867,	1,	True	
29873,	1,	Regular
29879,	1,	Regular
29881,	1,	True	
29917,	1,	True	
29921,	1,	Regular
29927,	1,	Regular
29947,	1,	Regular
29959,	1,	True	
29983,	1,	Regular
29989,	1,	True	
30011,	1,	True	
30013,	1,	True	
30029,	1,	Regular
30047,	1,	True	
30059,	1,	True	
30071,	1,	True	
30089,	1,	True	
30091,	1,	True	
30097,	1,	True	
30103,	1,	Regular
30109,	1,	Regular
30113,	1,	Regular
30119,	1,	True	
30133,	1,	Regular
30137,	1,	True	
30139,	1,	Regular
30161,	1,	Regular
30169,	1,	True	
30181,	1,	Regular
30187,	1,	Regular
30197,	1,	True	
30203,	1,	True	
30211,	1,	Regular
30223,	1,	True	
30241,	1,	True	
30253,	1,	True	
30259,	1,	Regular
30269,	1,	Regular
30271,	1,	True	
30293,	1,	True	
30307,	1,	True	
30313,	1,	True	
30319,	1,	True	
30323,	1,	True	
30341,	1,	Regular
30347,	1,	Regular
30367,	1,	Regular
30389,	1,	Regular
30391,	1,	True	
30403,	1,	True	
30427,	1,	True	
30431,	1,	True	
30449,	1,	True	
30467,	1,	Regular
30469,	1,	True	
30491,	1,	True	
30493,	1,	Regular
30497,	1,	Regular
30509,	1,	True	
30517,	1,	True	
30529,	1,	Regular
30539,	1,	True	
30553,	1,	True	
30557,	1,	True	
30559,	1,	True	
30577,	1,	Regular
30593,	1,	True	
30631,	1,	True	
30637,	1,	True	
30643,	1,	True	
30649,	1,	Regular
30661,	1,	True	
30671,	1,	True	
30677,	1,	True	
30689,	1,	True	
30697,	1,	True	
30703,	1,	True	
30707,	1,	Regular
30713,	1,	True	
30727,	1,	Regular
30757,	1,	Regular
30763,	1,	Regular
30773,	1,	True	
30781,	1,	True	
30803,	1,	True	
30809,	1,	Regular
30817,	1,	True	
30829,	1,	True	
30839,	1,	True	
30841,	1,	Regular
30851,	1,	True	
30853,	1,	True	
30859,	1,	True	
30869,	1,	True	
30871,	1,	True	
30881,	1,	True	
30893,	1,	Regular
30911,	1,	True	
30931,	1,	True	
30937,	1,	True	
30941,	1,	Regular
30949,	1,	True	
30971,	1,	Regular
30977,	1,	True	
30983,	1,	True	
31013,	1,	Regular
31019,	1,	Regular
31033,	1,	True	
31039,	1,	Regular
31051,	1,	True	
31063,	1,	True	
31069,	1,	Regular
31079,	1,	True	
31081,	1,	True	
31091,	1,	Regular
31121,	1,	Regular
31123,	1,	Regular
31139,	1,	True	
31147,	1,	Regular
31151,	1,	True	
31153,	1,	Regular
31159,	1,	True	
31177,	1,	True	
31181,	1,	True	
31183,	1,	True	
31189,	1,	True	
31193,	1,	True	
31219,	1,	True	
31223,	1,	True	
31231,	1,	Regular
31237,	1,	True	
31247,	1,	Regular
31249,	1,	True	
31253,	1,	Regular
31259,	1,	True	
31267,	1,	True	
31271,	1,	True	
31277,	1,	Regular
31307,	1,	True	
31319,	1,	True	
31321,	1,	True	
31327,	1,	True	
31333,	1,	True	
31337,	1,	True	
31357,	1,	Regular
31379,	1,	True	
31387,	1,	Regular
31391,	1,	True	
31393,	1,	True	
31397,	1,	True	
31469,	1,	True	
31477,	1,	True	
31481,	1,	Regular
31489,	1,	True	
31511,	1,	Regular
31513,	1,	Regular
31517,	1,	Regular
31531,	1,	True	
31541,	1,	True	
31543,	1,	Regular
31547,	1,	True	
31567,	1,	True	
31573,	1,	True	
31583,	1,	True	
31601,	1,	True	
31607,	1,	True	
31627,	1,	True	
31643,	1,	Regular
31649,	1,	True	
31657,	1,	True	
31663,	1,	Regular
31667,	1,	Regular
31687,	1,	True	
31699,	1,	Regular
31721,	1,	Regular
31723,	1,	True	
31727,	1,	True	
31729,	1,	True	
31741,	1,	Regular
31751,	1,	Regular
31769,	1,	True	
31771,	1,	Regular
31793,	1,	Regular
31799,	1,	Regular
31817,	1,	True	
31847,	1,	True	
31849,	1,	Regular
31859,	1,	True	
31873,	1,	True	
31883,	1,	True	
31891,	1,	True	
31907,	1,	Regular
31957,	1,	True	
31963,	1,	True	
31973,	1,	True	
31981,	1,	Regular
31991,	1,	True	
32003,	1,	True	
32009,	1,	True	
32027,	1,	Regular
32029,	1,	True	
32051,	1,	True	
32057,	1,	Regular
32059,	1,	Regular
32063,	1,	Regular
32069,	1,	True	
32077,	1,	True	
32083,	1,	Regular
32089,	1,	Regular
32099,	1,	True	
32117,	1,	True	
32119,	1,	True	
32141,	1,	Regular
32143,	1,	True	
32159,	1,	True	
32173,	1,	True	
